{"cameraMode":{"drawMode":0,"name":"Shaded","section":"Shading Mode"},"sceneLighting":true,"audioPlay":false,"sceneViewState":{"m_AlwaysRefresh":false,"showFog":true,"showSkybox":true,"showFlares":true,"showImageEffects":true,"showParticleSystems":true,"showVisualEffectGraphs":true,"m_FxEnabled":true},"in2DMode":false,"pivot":{"x":-12.279271125793457,"y":2.03643798828125,"z":-20.51624298095703},"rotation":{"x":0.020447712391614915,"y":0.9714272618293762,"z":-0.21865025162696839,"w":0.09057462215423584},"size":0.8660253882408142,"orthographic":false}